DEGREE_ID,DEGREE_NAME,CR_BY,MOD_BY,ACTIVE,OFLINE
1.0,ALL FOREIGN DEGREE AND DIPLOMA,2.0,,Y,0
2.0,B A,2.0,1.0,N,0
3.0,B COM,2.0,1.0,N,0
4.0,B ED,2.0,1.0,N,0
5.0,B LIB SCIENCE,2.0,1.0,N,0
6.0,B PHARM,2.0,1.0,N,0
7.0,B SC,2.0,,Y,0
8.0,B SC ENGG,2.0,1.0,Y,0
9.0,B TECH,2.0,1.0,N,0
10.0,B V SC AND A H,2.0,1.0,N,0
11.0,B SC HONS,2.0,1.0,N,0
12.0,D C H,2.0,,Y,0
13.0,D LIT,2.0,1.0,N,0
14.0,D M ,2.0,,Y,0
15.0,D PHIL,2.0,1.0,N,0
16.0,D SC,2.0,1.0,N,0
17.0,D P H,2.0,1.0,N,0
18.0,D G O,2.0,1.0,Y,0
19.0,DIP IN FRENCH,2.0,1.0,N,0
20.0,DIP IN GERMAN,2.0,1.0,N,0
21.0,DIP IN JOURNALISM AND MASS COMMUNICATIONS,2.0,1.0,N,0
22.0,DIP IN MANAGEMENT,2.0,1.0,N,0
23.0,DIP IN PRINTING,2.0,1.0,N,0
24.0,M B B S,2.0,,Y,0
25.0,M CH,2.0,5.0,Y,0
26.0,M D ,2.0,,Y,0
27.0,M ED,2.0,1.0,N,0
28.0,M LIB SCIENCE,2.0,22.0,Y,0
29.0,M PHARM,2.0,1.0,N,0
30.0,M PHIL,2.0,1.0,N,0
31.0,M SC,2.0,,Y,0
32.0,M SC ENGG,2.0,1.0,N,0
33.0,M TECH,2.0,1.0,N,0
34.0,M S ,2.0,,Y,0
35.0,B E,2.0,1.0,N,0
36.0,M E,2.0,1.0,N,0
37.0,M V SC,2.0,1.0,N,0
38.0,M A,2.0,1.0,N,0
39.0,M B A,2.0,1.0,N,0
40.0,PG DIP EDUCATIONAL TECHNOLOGY,2.0,1.0,N,0
41.0,PG DIP MARKETING MANAGEMENT,2.0,1.0,N,0
42.0,PH. D,2.0,,Y,0
43.0,DIP IN PRINTING TECHNOLOGY,2.0,1.0,N,0
44.0,POST DOCTORAL RESEARCH,2.0,,Y,0
45.0,B F A,2.0,1.0,N,0
46.0,M F A,2.0,1.0,N,0
47.0,DIP IN FIRE ENGG,2.0,1.0,N,0
48.0,DEGREE IN FIRE ENGG,2.0,49.0,N,0
49.0,DIP IN INDUSTRIAL SAFETY,2.0,1.0,N,0
50.0,A M I E,2.0,1.0,N,0
51.0,L L B,2.0,1.0,N,0
52.0,L L M,2.0,1.0,N,0
53.0,F R C S,2.0,,Y,0
54.0,P G DIPLOMA,2.0,,Y,0
55.0,B L,2.0,5.0,Y,0
56.0,JOURNASLIM,2.0,1.0,N,0
57.0,DIP. IN TELEVISION PRODUCTION AND PROGRAMME,3.0,1.0,N,0
58.0,B.S. COMMUNICATION,3.0,1.0,N,0
59.0,M.S. COMMUNICATION,3.0,1.0,N,0
60.0,SAHITYA RATNA,4.0,1.0,N,0
61.0,M COM,2.0,1.0,N,0
62.0,DIP. IN FILM TECH.,4.0,1.0,N,0
63.0,DIPLOMA IN CINEMA,2.0,1.0,N,0
64.0,P G DIP. IN COMMUNICATION,3.0,1.0,N,0
65.0,M S,3.0,1.0,N,0
66.0,G.D. ART,3.0,1.0,N,0
67.0,N D D U K,3.0,1.0,N,0
68.0,C C A D D U K,3.0,1.0,N,0
69.0,M S I A D U K,3.0,1.0,N,0
70.0,DIP. IN PUBLIC ADMINISTRATION,3.0,1.0,N,0
71.0,DIPLOMA,3.0,,Y,0
72.0,D N B,3.0,,Y,0
73.0,F I C P,4.0,1.0,N,0
74.0,M R C P,4.0,,Y,0
75.0,F.A.M.S.,2.0,,Y,0
76.0,FELLOWSHIP,4.0,,Y,0
77.0,D R M ,5.0,1.0,N,0
78.0,D M R D ,5.0,22.0,Y,0
79.0,D C D,6.0,1.0,N,0
80.0,B I M S,5.0,1.0,N,0
81.0,P G D H E,6.0,1.0,N,0
82.0,M N A M S,5.0,,Y,0
83.0,I C W A,3.0,1.0,N,0
84.0,CAIIB,2.0,1.0,N,0
85.0,B T,3.0,1.0,N,0
86.0,F A C V T,5.0,1.0,N,0
87.0,F R V C,5.0,1.0,N,0
88.0,GENERAL MANAGEMENT PROGRAME,2.0,1.0,N,0
89.0,DR SC AGR POST DOCT,2.0,1.0,N,0
90.0,B. ARCH.,6.0,1.0,Y,0
91.0,M. ARCH.,6.0,1.0,N,0
92.0,P. G. DIP. TOWN AND COUNTRY PLANNING,6.0,1.0,N,0
93.0,P. G. DIP. REGIONAL DEV. PLANNING,6.0,1.0,N,0
94.0,MASTER OF URBAN AND REGIONAL PLANN. M. U. R. P.,6.0,1.0,N,0
95.0,MASTER OF CITY PLANNING M. C. P. ,6.0,1.0,N,0
96.0,DIP. IN ARCHITECTURE G. D. ARCH.,6.0,1.0,N,0
97.0,MASTER OF LANDSCAPE ARCH.,6.0,1.0,N,0
98.0,F C C,3.0,1.0,N,0
99.0,A I S M ,3.0,1.0,N,0
100.0,CERTIFICATE OF,6.0,1.0,N,0
101.0,F I R G,2.0,1.0,N,0
102.0,C P L ,2.0,1.0,N,0
103.0,S M,5.0,1.0,N,0
104.0,AIRLINES TRANSPORTS PILOTS LICENCE,2.0,1.0,N,0
105.0,M I C I,3.0,1.0,N,0
106.0,S M E R D,3.0,1.0,N,0
107.0,B B M,4.0,1.0,N,0
108.0,M B M,4.0,5.0,Y,0
109.0,N D C,4.0,1.0,N,0
110.0,D MET,5.0,1.0,N,0
111.0,M E O EXTRA FIRST CLASS MOTORSHIP,5.0,1.0,N,0
112.0,B. SC HONS,1.0,1.0,Y,0
113.0,A I F C,1.0,5.0,Y,0
114.0,FOREST MANAGEMENT,1.0,1.0,N,0
115.0,P G DIP. IN FORESTRY,1.0,1.0,N,0
116.0,M M S,1.0,1.0,N,0
117.0,SPL.  DIPLOMA COURSES OF STUDIES,1.0,1.0,N,0
118.0,ADVANCE MANAGEMENT COURSE,1.0,1.0,N,0
119.0,M P M,5.0,1.0,N,0
120.0,AIGNFA,9.0,1.0,N,0
121.0,DOCTOR OF PHILOSOPHY,9.0,1.0,N,0
122.0,DOCTORATE,2.0,72.0,Y,0
123.0,C A,7.0,22.0,Y,0
124.0,M L,4.0,1.0,N,0
125.0,L L D,5.0,1.0,N,0
126.0,B H M S,6.0,1.0,N,0
127.0,D M S ,2.0,1.0,N,0
128.0,L C E H ,2.0,1.0,N,0
129.0,D H M S,1.0,1.0,N,0
130.0,M B S,1.0,1.0,N,0
131.0,TUTOR,1.0,1.0,N,0
132.0,G H M S,1.0,1.0,N,0
133.0,C P S,1.0,1.0,N,0
134.0,D P S,1.0,1.0,N,0
135.0,M STAT,1.0,1.0,N,0
136.0,D F HON.,1.0,1.0,N,0
137.0,B M S,1.0,1.0,N,0
138.0,T O T C,1.0,1.0,N,0
139.0,M DES,6.0,1.0,N,0
140.0,VISITING FELLOW,8.0,,Y,0
141.0,B S,1.0,1.0,N,0
142.0,M I E,1.0,1.0,N,0
143.0,F I E,1.0,5.0,Y,0
144.0,P G D C A,1.0,1.0,N,0
145.0,D R C,1.0,1.0,N,0
146.0,D I I T,1.0,1.0,N,0
147.0,DR. ING.,1.0,1.0,N,0
148.0,ENGG. COUNCIL EXAM. LONDON,4.0,1.0,N,0
149.0,S C R A  COURSE,4.0,1.0,N,0
150.0,A D I M,1.0,1.0,N,0
151.0,P G D P M,7.0,1.0,N,0
152.0,P G D P A,7.0,1.0,N,0
153.0,NUCLEAR ENGG.,1.0,1.0,N,0
154.0,P D F,1.0,1.0,N,0
155.0,LICENCIATE OF TEXTILE TECH.,1.0,1.0,N,0
156.0,ADVANCE COURSE IN,1.0,1.0,N,0
157.0,B A HONS.,1.0,1.0,N,0
158.0,M LIT.,5.0,1.0,N,0
159.0,D ORTHO,5.0,1.0,N,0
160.0,B A M S,5.0,1.0,N,0
161.0,D A M,2.0,1.0,N,0
162.0,B S A M ,2.0,22.0,Y,0
163.0,SPL. TRG. IN PHY. MED AND REHABILITATION,1.0,1.0,N,0
164.0,M W A I M,1.0,1.0,N,0
165.0,B U M S,1.0,1.0,N,0
166.0,G U M S,2.0,1.0,N,0
167.0,P G DIPLOMA IN ENGLISH,7.0,1.0,N,0
168.0,G C I M,2.0,1.0,N,0
169.0,D A Y M ,2.0,1.0,N,0
170.0,D N Y,2.0,1.0,N,0
171.0,B SC AGRI,1.0,1.0,N,0
172.0,M SC AGRI,1.0,1.0,N,0
173.0,D B M,7.0,1.0,N,0
174.0,D B A,7.0,1.0,N,0
175.0,AIR PHOTO INTERPRETATION,8.0,1.0,N,0
176.0,A N S I  ,4.0,1.0,N,0
177.0,F R A S ,2.0,1.0,N,0
178.0,B MUSIC,1.0,1.0,N,0
179.0,M MUSIC,1.0,1.0,N,0
180.0,D MUSIC,1.0,1.0,N,0
181.0,POST DOCTORATE IN,1.0,1.0,N,0
182.0,D MIT,1.0,1.0,N,0
183.0,SANGEET VISHARAD,7.0,1.0,N,0
184.0,D P M,7.0,1.0,N,0
185.0,M DRAMA,9.0,1.0,N,0
186.0,M P A,6.0,22.0,Y,0
187.0,F I P E D,1.0,1.0,N,0
188.0,M D P A,1.0,22.0,Y,0
189.0,B J,5.0,1.0,N,0
190.0,M S W ,2.0,22.0,Y,0
191.0,D M R T,8.0,5.0,Y,0
192.0,D M R E,8.0,1.0,N,0
193.0,F I C R,1.0,1.0,N,0
194.0,F R C P,4.0,,Y,0
195.0,D O M S,1.0,1.0,N,0
196.0,D H E,6.0,1.0,N,0
197.0,M P H,6.0,5.0,Y,0
198.0,D I H,2.0,1.0,N,0
199.0,M C T,1.0,1.0,N,0
200.0,B PH. ED.,8.0,1.0,N,0
201.0,M PH. ED.,8.0,1.0,N,0
202.0,D O I H,1.0,1.0,N,0
203.0,M PED,2.0,1.0,N,0
204.0,D Y D,2.0,1.0,N,0
205.0,D S M ,2.0,1.0,N,0
206.0,N I S,2.0,1.0,N,0
207.0,M P E,2.0,1.0,N,0
208.0,DOCTOR OF ENGG.,7.0,1.0,N,0
209.0,PLANT PATHOLOGY,4.0,1.0,N,0
210.0,P G STUDIES IN TOURISM  ARCHAEOLOGY,4.0,1.0,N,0
211.0,D D O,3.0,1.0,N,0
212.0,D L O ,2.0,1.0,N,0
213.0,F A M S ,2.0,1.0,N,0
214.0,DIPLOMA IN APPLIED ART,8.0,1.0,N,0
215.0,DIPLOMA IN INDUSTRIAL DESIGN,8.0,1.0,N,0
216.0,DIPLOMA IN COMMERCIAL ART,8.0,1.0,N,0
217.0,DIPLOMA IN FINE ART,8.0,1.0,N,0
218.0,GOVT. DIPLOMA IN FINE ART AND PAINTING,8.0,1.0,N,0
219.0,GOVT. DIPLOMA IN APPLIED ART,8.0,1.0,N,0
220.0,P.G. DIPLOMA IN INDUSTRIAL DESIGN,3.0,1.0,N,0
221.0,NATIONAL DIPLOMA IN FINE ARTS,3.0,1.0,N,0
222.0,SR. ARTIST,8.0,1.0,N,0
223.0,DIPLOMA IN ART,8.0,1.0,N,0
224.0,SCHOLAR,8.0,1.0,N,0
225.0,D A,2.0,22.0,Y,0
226.0,DIPLOMA IN PAINTING,8.0,1.0,N,0
227.0,POST DIPLOMA IN,8.0,1.0,N,0
228.0,F. I. C. A.,9.0,1.0,N,0
229.0,F I C S,8.0,1.0,N,0
230.0,D F M ,4.0,1.0,N,0
231.0,D. T. D.,9.0,1.0,N,0
232.0,F A C S,5.0,1.0,N,0
233.0,D H A ,2.0,1.0,N,0
234.0,P G D H R M ,2.0,1.0,N,0
235.0,B D S,4.0,,Y,0
236.0,M D S,4.0,,Y,0
237.0,F I A P ,2.0,22.0,Y,0
238.0,H A ,9.0,1.0,N,0
239.0,M A M S ,9.0,1.0,N,0
240.0,F O S,9.0,1.0,N,0
241.0,POST DOCTORAL FELLOW,8.0,,Y,0
242.0,D I C,8.0,1.0,N,0
243.0,D A S ,2.0,1.0,N,0
244.0,D I P I,2.0,1.0,N,0
245.0,F C C P,9.0,1.0,N,0
246.0,F I C A ,2.0,1.0,N,0
247.0,F I M S A ,2.0,1.0,N,0
248.0,F A O I,2.0,1.0,N,0
249.0,D R C O G,7.0,1.0,N,0
250.0,M R C O G,7.0,1.0,N,0
251.0,F R C O G,7.0,1.0,N,0
252.0,D D E,2.0,1.0,N,0
253.0,F I C O G ,7.0,1.0,N,0
254.0,D T C D,3.0,1.0,N,0
255.0,D H A ,2.0,1.0,N,0
256.0,D BACT,9.0,1.0,N,0
257.0,D C P ,7.0,1.0,N,0
258.0,D P B ,7.0,1.0,N,0
259.0,D S W,9.0,5.0,Y,0
260.0,B COM HONS.,1.0,1.0,N,0
261.0,F I C W A,9.0,1.0,N,0
262.0,C S,8.0,1.0,N,0
263.0,I C N A,8.0,1.0,N,0
264.0,P G D M,9.0,1.0,N,0
265.0,U B,9.0,1.0,N,0
266.0,D PATH,2.0,1.0,N,0
267.0,MEDICO CIRURGIAO,2.0,1.0,N,0
268.0,F C S,8.0,1.0,N,0
269.0,I C S I,2.0,1.0,N,0
270.0,F F I I,9.0,1.0,N,0
271.0,A F I A,9.0,1.0,N,0
272.0,ACCOUNTS OFFICER,4.0,1.0,N,0
273.0,OPERATIONS RESEARCH,2.0,1.0,N,0
274.0,POST GRADUATE,9.0,1.0,N,0
275.0,HONOURS,9.0,1.0,N,0
276.0,REGISTERED NURSE  REGISTERED MIDWIFE,2.0,1.0,N,0
277.0,B.COM HONOURS,11.0,1.0,N,0
278.0,B.COM,11.0,1.0,N,0
279.0,D L O,4.0,,Y,0
280.0,M A M S,4.0,,Y,0
281.0,MEDICINE CERTIFICATE,4.0,,Y,0
282.0,UNIVERSITY OF WALES U.K.,6.0,,Y,0
283.0,M M SC,6.0,,Y,0
284.0,D.H.A,4.0,,Y,0
285.0,F.I.C.S,4.0,,Y,0
286.0,F.I.C.O.G,4.0,,Y,0
287.0,P.G.D.H.M,4.0,,Y,0
288.0,P.G.C IN HOSPITAL MANAGEMENT,4.0,,Y,0
289.0,W.H.O FELLOWSHIP,4.0,,Y,0
290.0,F.I.C.P,4.0,,Y,0
291.0,B. PHARMA,4.0,,Y,0
292.0,M. PHARMA,4.0,,Y,0
293.0,M. PHIL,4.0,,Y,0
294.0,D H A,6.0,,Y,0
295.0,A P S UNIVERSITY REVA,6.0,6.0,N,0
296.0,CERTIFICATE COURSE,6.0,,Y,0
297.0,D.I.I.T.,6.0,,Y,0
298.0,B. A.,6.0,,Y,0
299.0,B.A. HONOURS,6.0,,Y,0
300.0,M.A.,6.0,,Y,0
301.0,B. E,4.0,,Y,0
302.0,A.M.I.E,4.0,,Y,0
303.0,M.E,5.0,,Y,0
304.0,M.TECH,5.0,,Y,0
305.0,B. TECH,5.0,,Y,0
306.0,MASTER IN FINANCIAL MANAGEMENT,5.0,,Y,0
307.0,B. E. MARINE ENGG.,5.0,,Y,0
308.0,M. B. A,5.0,,Y,0
309.0,M. SC ENGG.,5.0,,Y,0
310.0,B. MET,5.0,,Y,0
311.0,D. M. I. T,5.0,,Y,0
312.0,A. M.AE.S.I,5.0,,Y,0
313.0,D. I. I. T,4.0,,Y,0
314.0,A. M. I. I. CH. E,5.0,,Y,0
315.0,B. SC TECH,5.0,,Y,0
316.0,D. SC,5.0,,Y,0
317.0,B. SC TECH.,5.0,,Y,0
318.0,DIPLOMA IN PERSONAL MGMT.,5.0,,Y,0
319.0,D. P. M,5.0,,Y,0
320.0,MASTER OF TOWN AND COUNTRY PLANNING,4.0,,Y,0
321.0,L.L.B,4.0,,Y,0
322.0,M. ARCH,4.0,,Y,0
323.0,M. SC TECH,5.0,,Y,0
324.0,GRADUATED IN NAUTICAL SCIENCE,5.0,,Y,0
325.0,FINAL EXAM OF HYDROGRAPHY,5.0,,Y,0
326.0,PILOTAGE LICENCE,5.0,,Y,0
327.0,M. O. T IIND CHARS,5.0,,Y,0
328.0,M. O. T IST CHARS,5.0,,Y,0
329.0,M. I. E,5.0,,Y,0
330.0,D. PHIL,5.0,,Y,0
331.0,DIP. R. P,5.0,,Y,0
332.0,D. V. D,5.0,,Y,0
333.0,B. A HONS.,5.0,,Y,0
334.0,B. V. SC,5.0,,Y,0
335.0,M. V. SC,5.0,,Y,0
336.0,LLM,5.0,,Y,0
337.0,B.ED,4.0,25.0,Y,0
338.0,M. ED,4.0,,Y,0
339.0,M.LITT,5.0,,Y,0
340.0,M. E,4.0,,Y,0
341.0,PROFESSIONAL ADV. TRG. IN PRINTING TECH.,5.0,,Y,0
342.0,I.C.W.A,4.0,,Y,0
343.0,B.V.SC,4.0,,Y,0
344.0,M.V.SC,4.0,,Y,0
345.0,D.LITT,5.0,,Y,0
346.0,D. B. A,5.0,,Y,0
347.0,D D,6.0,,Y,0
348.0,B. SC HONS.,5.0,,Y,0
349.0,P. R. S,5.0,,Y,0
350.0,A.M,5.0,,Y,0
351.0,B. SC. B. ED,4.0,,Y,0
352.0,MASTER OF JOURNALISM AND MASS COMMUNICATION,4.0,,Y,0
353.0,D.H.M.S ,4.0,,Y,0
354.0,M.D HOMOEO,4.0,,Y,0
355.0,G.H.M.S,4.0,,Y,0
356.0,D M ,5.0,,Y,0
357.0,F A C C ,5.0,,Y,0
358.0,B.A.M.S.,6.0,,Y,0
359.0,B.I.M.S.,6.0,,Y,0
360.0,MD(AYURVEDA),4.0,66.0,Y,0
361.0,B.U.M.S,4.0,,Y,0
362.0,B. SC NURSING,4.0,,Y,0
363.0,M. SC NURSING,4.0,,Y,0
364.0,B. SC AGRICULTURE,4.0,,Y,0
365.0,M. SC AGRICULTURE,4.0,,Y,0
366.0,B. TEXT.,4.0,,Y,0
367.0,M. TEXT.,4.0,,Y,0
368.0,B. COM,4.0,,Y,0
369.0,M.F.A.M ,4.0,,Y,0
370.0,M.COM,4.0,,Y,0
371.0,M.A.SC,4.0,,Y,0
372.0,D. F. SC,4.0,,Y,0
373.0,M.C.A,4.0,,Y,0
374.0,F.M.B.S,4.0,,Y,0
375.0,SHASTRI,4.0,,Y,0
376.0,D.PHARMACY,4.0,,Y,0
377.0,MASTER IN MANAGEMENT STUDIES,4.0,,Y,0
378.0,B.SC. MECHANICAL ENGG.,4.0,,Y,0
379.0,B SC. AGRI. HONS. ,4.0,,Y,0
380.0,M SC. AGRI.,4.0,,Y,0
381.0,B SC AGRI.,4.0,,Y,0
382.0,B.E.CIVIL,4.0,,Y,0
383.0,B.E. TECH.,4.0,,Y,0
384.0,M. TECH EQUIVALENT,4.0,,Y,0
385.0,M.TECH EQUIVALENT,4.0,,Y,0
386.0,B.E.MECH,4.0,,Y,0
387.0,B.TEXTILES,3.0,,Y,0
388.0,M.SC.TEXTILE TECHNOLOGY,3.0,,Y,0
389.0,B.PHARMA,4.0,,Y,0
390.0,D.O.,4.0,,Y,0
391.0,M.S.,4.0,,Y,0
392.0,D.G.O.,4.0,,Y,0
393.0,MRCOG,4.0,,Y,0
394.0,PRE COMMISSION TRAINING,4.0,,Y,0
395.0,MA AE SI,4.0,,Y,0
396.0,M AE SI,4.0,,Y,0
397.0,M A M N S,5.0,,Y,0
398.0,B F SC,5.0,,Y,0
399.0,M F SC,5.0,,Y,0
400.0,M. P. E,4.0,,Y,0
401.0,B AND C,5.0,,Y,0
402.0,B AND C CERTIFICATES OF N.C.C ENGRS,5.0,,Y,0
403.0,B. P. ED,4.0,,Y,0
404.0,B. F. A,4.0,,Y,0
405.0,G.D.ART,4.0,,Y,0
406.0,M.F.A,4.0,,Y,0
407.0,M.SC AGRI,5.0,,Y,0
408.0,SENIOR RESIDENCY,5.0,,Y,0
409.0,B. H. M. S. ,5.0,,Y,0
410.0,D.M.S,4.0,,Y,0
411.0,F R C ,5.0,,Y,0
412.0,POST GRADUATE DIPLOMA,5.0,,Y,0
413.0,D R M,5.0,,Y,0
414.0,B.SC. AGRI.,4.0,,Y,0
415.0,M.SC. DAIRY SC.,4.0,,Y,0
416.0,B.SC. AGRICULTURAL ENGG. AND TECH.,4.0,,Y,0
417.0,M.SC. AGRICULTURAL ENGG.,4.0,,Y,0
418.0,F T D C,5.0,,Y,0
419.0,M.SC.,4.0,,Y,0
420.0,D.PHIL,4.0,,Y,0
421.0,E.C.F.M.G.,4.0,,Y,0
422.0,M.D.,4.0,,Y,0
423.0,W.H.O. RESEARCH,4.0,,Y,0
424.0,M. COM,4.0,,Y,0
425.0,F N A M S,5.0,,Y,0
426.0,MATERS DIPLOMA IN PUBLIC ADMN.,4.0,,Y,0
427.0,INTERMEDIATE IN COST ACCOUNTANCY,4.0,,Y,0
428.0,D.T.C.D.,4.0,,Y,0
429.0,D.SC.,4.0,,Y,0
430.0,D.LITT.,4.0,,Y,0
431.0,M.PHIL NURSING,4.0,,Y,0
432.0,M. PHIL NURSING,4.0,,Y,0
433.0,D T M AND H,5.0,,Y,0
434.0,DEGREE,5.0,,Y,0
435.0,M.SC ENGG.,5.0,,Y,0
436.0,M. TECH.,4.0,,Y,0
437.0,BACHELOR OF PRODUCTION ENGG.,4.0,,Y,0
438.0,MASTER OF PRODUCTION ENGG.,4.0,,Y,0
439.0,IMPORT AND EXPORT MANAGEMENT,4.0,,Y,0
440.0,B.E.,4.0,,Y,0
441.0,M.B.B.S.,4.0,,Y,0
442.0,M.CH.,4.0,5.0,Y,0
443.0,B.SC ENGG.,5.0,,Y,0
444.0,M.SC TECH.,5.0,,Y,0
445.0,C E I ,5.0,,Y,0
446.0,B.SC PART I,5.0,,Y,0
447.0,F.I.M.S.A,5.0,,Y,0
448.0,B.SC HONS,5.0,,Y,0
449.0,M.SC ANIMAL NUTRITION,4.0,,Y,0
450.0,G.C.E.H,4.0,,Y,0
451.0,M.B.S.H,4.0,,Y,0
452.0,PRE MEDICAL DEGREE,5.0,,Y,0
453.0,M J S,4.0,,Y,0
454.0,DIP. N.I.H.,4.0,,Y,0
455.0,D H B,5.0,,Y,0
456.0,B. LIB. SC,4.0,,Y,0
457.0,M.L.I.SC,4.0,,Y,0
458.0,D P M R,5.0,,Y,0
459.0,D. ORTH,5.0,,Y,0
460.0,L. C. E.H ,5.0,,Y,0
461.0,P D I S,5.0,,Y,0
462.0,P G D H R M,5.0,,Y,0
463.0,P G D I M,5.0,,Y,0
464.0,C C F M,5.0,,Y,0
465.0,MUNSHI,5.0,,Y,0
466.0,POST M.SC DIPLOMA,5.0,,Y,0
467.0,A L I M A T,22.0,,Y,0
468.0,G A M S,22.0,,Y,0
469.0,M S A M,22.0,,Y,0
470.0,BACHELOR OF JOURNALISM,4.0,,Y,0
471.0,P N D S,22.0,,Y,0
472.0,D U M S,22.0,,Y,0
473.0,INTENSIVE TRAINING,5.0,,Y,0
474.0,M. LIB. SC,4.0,,Y,0
475.0,M.SC APPLIED GEOLOGY,5.0,,Y,0
476.0,B U M M S,5.0,,Y,0
477.0,P G ADULT AND NON FORMAL EDUCATION,5.0,,Y,0
478.0,P G HRD,5.0,,Y,0
479.0,D.SC ENGG.,5.0,,Y,0
480.0,C ENGG.,5.0,,Y,0
481.0,F.I.C.W.A,5.0,,Y,0
482.0,ONE YEAR TRAINING COURSE,5.0,,Y,0
483.0,FACULTY TRAINING,5.0,,Y,0
484.0,PUBLIC ANALYST,5.0,,Y,0
485.0,CIIB,5.0,,Y,0
486.0,MASTER OF URBAN AND REGIONAL PLANNING,5.0,,Y,0
487.0,M.C.M,5.0,,Y,0
488.0,ADVANCE DIPLOMA IN MANAGEMENT,5.0,,Y,0
489.0,PGDCS,5.0,,Y,0
490.0,B.A,5.0,,Y,0
491.0,D.C.P.A,5.0,,Y,0
492.0,M.B.A,5.0,,Y,0
493.0,MASTER OF INTERNATIONAL STUDIES ,5.0,,Y,0
494.0,INTERNAL MEDICINE,5.0,,Y,0
495.0,CERTIFIED IN NEPHROLOGY,5.0,,Y,0
496.0,GRADUATE IETE,5.0,,Y,0
497.0,MASTER IN HOSPITAL ADMINISTRATION,5.0,,Y,0
498.0,H  AND F W MANAGEMENT,5.0,,Y,0
499.0,HOSPITAL MANAGEMENT,5.0,,Y,0
500.0,COMPANY SECRETARYSHIP,5.0,,Y,0
501.0,B STATISTICS,5.0,23.0,Y,0
502.0,M.STATISTICS,5.0,23.0,Y,0
503.0,F.A.I.S,5.0,,Y,0
504.0,F.R.V.C.S,5.0,,Y,0
505.0,PSC,5.0,,Y,0
506.0,C.A.I.I.B,5.0,,Y,0
507.0,F.M.A.S,5.0,,Y,0
508.0,B.V. SC AND A.H,5.0,,Y,0
509.0,PROFESSIONAL EXAMINATION IN BUILDING AND QTY SURVEYING,5.0,,Y,0
510.0,POST GRADUATE COURSE,5.0,,Y,0
511.0,M.L,5.0,,Y,0
512.0,G.I.M.E,5.0,,Y,0
513.0,G.I.E.E,5.0,,Y,0
514.0,G.I.P.E,5.0,,Y,0
515.0,F.I.E,5.0,,Y,0
516.0,NATIONAL ELIGIBILIGY TEST,5.0,,Y,0
517.0,A.N.S.I  ST,5.0,,Y,0
518.0,DIPLOMA IN OPTHALMIC MEDICINE AND SURGERY,5.0,,Y,0
519.0,MASTER FG,5.0,,Y,0
520.0,GRADUATE DIPLOMA IN BUSINESS,5.0,,Y,0
521.0,MASTERS IN INDUSTRIAL MANAGEMENT,5.0,,Y,0
522.0,REFRESHERS COURSE IN LEGISLATIVE DRAFTING,5.0,,Y,0
523.0,LONG DEFENCE MANAGEMENT COURSE ,5.0,,Y,0
524.0,TRAINING IN SOIL SURVEY,5.0,,Y,0
525.0,M.N.A.M.S,5.0,,Y,0
526.0,FACULTY DEVELOPMENT PROGRAMME,23.0,,Y,0
527.0,POST DOCTORAL CERTIFICATE COURSE,5.0,,Y,0
528.0,MEDICAL IMPEDANCE TECHNOLOGY COURSE,5.0,,Y,0
529.0,BRITISH FILM DIRECTOR OF CINEMATOGRAPHY,5.0,,Y,0
530.0,DIRECTOR OF SPECIAL EFFECT ,5.0,,Y,0
531.0,GRADUATE OF FIRE ENGINEERING,5.0,,Y,0
532.0,MASTER IN FIRE ENGINEERING,5.0,,Y,0
533.0,TRAINING IN FINANCIAL MANAGEMENT OF HEALTH,5.0,,Y,0
534.0,TRAINING IN REPRODUCTIVE HEALTH MANAGEMENT  POPULATION CONTROL,5.0,,Y,0
535.0,LLD,5.0,,Y,0
536.0,L.L.D,5.0,,Y,0
537.0,ADVANCE DIPLOMA IN MASS MEDIA,5.0,,Y,0
538.0,ASSOCIATE MEMBERSHIP EXAMINATION,5.0,,Y,0
539.0,PRE DEGREE,5.0,,Y,0
540.0,GRADUATE DIPLOMA,5.0,,Y,0
541.0,A.V.S.I. SUGAR TECH.,5.0,,Y,0
542.0,MEMBERSHIP EXAMINATION,5.0,,Y,0
543.0,POST DIPLOMA ONE YEAR FULL TIME,5.0,,Y,0
544.0,C.D.T.C. SPL. IN CERAMIC,5.0,,Y,0
545.0,LONG GUNNERY STAFF COURSE,5.0,,Y,0
546.0,HIGHER DEFENCE MANAGEMENT,5.0,,Y,0
547.0,GRADUATE IN MARINE ENGG,5.0,,Y,0
548.0,EX. DIPLOMA N BUSINESS ADMN,5.0,,Y,0
549.0,F I C M C H,5.0,,Y,0
550.0,F I C O G,5.0,,Y,0
551.0,MMED,5.0,,Y,0
552.0,F R V C S,5.0,,Y,0
553.0,DAYANAND COLLEGE OF MANAGEMENT ,5.0,,Y,0
554.0,TRADE POLICY COURSE,5.0,,Y,0
555.0,RESEARCH IN ECONOMICS,5.0,,Y,0
556.0,JAPANESE LANGUAGE CERTIFICATE COURSE,5.0,,Y,0
557.0,MASTERS IN BUILDING ENGINEERING  MANAGEMENT,5.0,,Y,0
558.0,ADVOCATE ON RECORD SUPREME COURT,5.0,,Y,0
559.0,D A S E,5.0,,Y,0
560.0,MRCOG PART I,5.0,,Y,0
561.0,OBSERVERSHIP IN OBSTETRICS AND GYNECOLOGY,5.0,,Y,0
562.0,MARINE ENGINEERING OFFICER CLASS I,5.0,,Y,0
563.0,UGC JRF,5.0,,Y,0
564.0,PRIFICIENCY,5.0,,Y,0
565.0,ENGLISH HINDI TRANSLATION REFRESHER COURSE,5.0,,Y,0
566.0,TRANSLATION TRAINING COURSE,5.0,,Y,0
567.0,PERSONAL COMPUTING TRAINING,5.0,,Y,0
568.0,ACHARYA,5.0,,Y,0
569.0,SANGEET PRABHAKAR,5.0,23.0,Y,0
570.0,M.S. AND PH.D,5.0,,Y,0
571.0,TRAINING IN INDUSTRIAL ENGINEERING,5.0,,Y,0
572.0,EXTRA FIRST CLASS ENGINEER,5.0,,Y,0
573.0,YRYR,25.0,,Y,0
574.0,DFG,25.0,,Y,0
575.0,D UNIV,5.0,,Y,0
576.0,CPET,5.0,,Y,0
577.0,CISA,5.0,,Y,0
578.0,CISM CERTIFIED INFORMATION SECURITY MANAGER,5.0,,Y,0
579.0,CISA CERTIFIED INFORMATION SYSTEMS AUDITOR,5.0,,Y,0
580.0,CRISC CERTIFIED IN RISK MANAGEMENT AND CONTROL,5.0,,Y,0
581.0,AGRIL. RES. SERVICE,5.0,,Y,0
582.0,FRCPCH,5.0,,Y,0
583.0,UN DISASTER ASSESSMENT AND COORDINATION DIPLOMA,5.0,,Y,0
584.0,B S M S,5.0,,Y,0
585.0,COMPETENT TOASTMASTER,5.0,,Y,0
586.0,CHARTERED ENGINEER,5.0,,Y,0
587.0,A.VON HUMBOLDT FELLOW,5.0,,Y,0
588.0,A.M.I.S.,5.0,,Y,0
589.0,FPM DOCTORAL PROG,5.0,,Y,0
590.0,SHORT ADVANCE COURSE,5.0,,Y,0
591.0,I.C.H AND P.V.,5.0,,Y,0
592.0,MASTERS IN PUBLIC POLICY,5.0,,Y,0
593.0,DIPLOMA IN DERMATOLOGY VENEREOLOGY,5.0,,Y,0
594.0,INTERNATIONAL CLINICAL TRAINING COURSE,5.0,,Y,0
595.0,M.PHIL.,5.0,,Y,0
596.0,B.SC.,5.0,,Y,0
597.0,I C F TECHNOLOGY,5.0,,Y,0
598.0,M SC DAIRY ECONOMICS,5.0,,Y,0
599.0,SR MANAGER,5.0,,Y,0
600.0,MASTER DIPLOMA IN PUBLIC ADMINISTRATION,5.0,,Y,0
601.0,DIPLOMA IN INDUSTRIAL SAFETY,5.0,,Y,0
602.0,B. TECH.,5.0,,Y,0
603.0,RESEARCH,5.0,,Y,0
604.0,POST GRAGUATE DIPLOMA IN FINANCIAL MANAGEMENT,5.0,,Y,0
605.0,PGDFM,5.0,,Y,0
606.0,CERTIFIED COMPETENCY MAPPING MANAGER,5.0,,Y,0
607.0,DIP CHILD HEALTH,5.0,,Y,0
608.0,DIP PUBLIC HEALTH,5.0,,Y,0
609.0,DIP INDUSTRIAL HEALTH,5.0,,Y,0
610.0,M I C O G ,5.0,,Y,0
611.0,GRATUATION I.E.,5.0,,Y,0
612.0,FRCOG,5.0,,Y,0
613.0,D T C P,5.0,,Y,0
614.0,EXECUTIVE PROG,5.0,,Y,0
615.0,C I C,5.0,,Y,0
616.0,A D C A,5.0,,Y,0
617.0,PGDCA,5.0,,Y,0
618.0,LEADERSHIP DEVELOPMENT PROGRAM,5.0,,Y,0
619.0,MASTER OF POPULATION STUDIES,5.0,,Y,0
620.0,MASTER OF SURGERY,5.0,,Y,0
621.0,DBT OVERSEAS ASSOCIATESHIP,5.0,,Y,0
622.0,P G D M L E ,5.0,,Y,0
623.0,FELLOW IN MANAGEMENT EQUIVALENT TO PH. D,5.0,,Y,0
624.0,PROGRAMME IN BUSINESS MANAGEMENT,5.0,,Y,0
625.0,B. E  MECH.,5.0,,Y,0
626.0,STIP,5.0,,Y,0
627.0,PROFESSIONAL COURCE IN ARCHIVAL CONSERVATION,5.0,,Y,0
628.0,FILM AND T.V. APPRECIATION COURSE,5.0,,Y,0
629.0,CERTIFICATE OF COMPETENCY IN MASTER,5.0,,Y,0
630.0,EXTRA MASTERS CERTIFICATE  OF COMPETENCY,5.0,,Y,0
631.0,M.SC. IN MARITIME SAFETY AND ENVIRONMENT PROTECTION,5.0,,Y,0
632.0,CERTIFICATE OF COMPETENCY EXTRA MASTER,5.0,,Y,0
633.0,TRAINING IN ASSESMENT EXAM. AND CERTIFICATION OF SEAFARERS,5.0,,Y,0
634.0,ASSESMENT EXAMINATION CERTIFICATION OF SEAFARER,5.0,,Y,0
635.0,ISM CODE LEAD AUDITOR,5.0,,Y,0
636.0,THE INTERNATIONAL SHIP AND PORT FACILITY SECURITY CODE (ISPS CODE),5.0,,Y,0
637.0,BACHELOR OF ELECTRICAL ENGINEERING,5.0,,Y,0
638.0,POST GRADUATE DIPLOMA IN DISASTER MANAGEMENT,5.0,,Y,0
639.0,DIPLOMA IN MECHNICAL ENGG.,5.0,,Y,0
640.0,DEGREE IN MECH. ENGG.,5.0,,Y,0
641.0,POST GRADUATE DIPLOMA IN PERSONNEL MANAGEMENT,5.0,,Y,0
642.0,SURVEY ENGINEERING,5.0,,Y,0
643.0,GRAUDATE STUDY,5.0,,Y,0
644.0,GRADUATE STUDY,5.0,,Y,0
645.0,MASTER OF POPULATION SCIENCE,5.0,,Y,0
646.0,MINE SURVEYORS CERTIFICATE OF COMPETENCY,5.0,,Y,0
647.0,CERTIFICATE OF COMPETENCY,5.0,,Y,0
648.0,DIPLOMA IN COMBINED FOOTWEAR AND LEATHER TECHNOLOGY,5.0,,Y,0
649.0,BACHELOR OF LAW,5.0,,Y,0
650.0,B.B.M.,5.0,,Y,0
651.0,POST GRADUATE DIPLOMA IN MANAGEMENT,5.0,,Y,0
652.0,MASTER IN PLANNING,5.0,,Y,0
653.0,F.N.A. SC.,5.0,,Y,0
654.0,IST CLASS MINES MANAGER CERTIFICATE OF COMPETENCY,5.0,,Y,0
655.0,DIPLOMA PRINTING TECH,5.0,,Y,0
656.0,M. M. E.,5.0,,Y,0
657.0,M M E,5.0,,Y,0
658.0,AIC BY EXAMINATION,5.0,,Y,0
659.0,ADVANCE STUDIES IN CHINESE LANGUAGE,5.0,,Y,0
660.0,AO TRAUMA FELLOW,5.0,,Y,0
661.0,NZIOA FELLOW,5.0,,Y,0
662.0,MASTER DEGREE,5.0,,Y,0
663.0,B.L.,5.0,,Y,0
664.0,M E C WITH DISSERTATION,5.0,,Y,0
665.0,MASTER OF TOURISM ADMINISTRATION,5.0,,Y,0
666.0,MASTER OF MANAGEMENT STUDIES,5.0,,Y,0
667.0,POST DIPLOMA,5.0,,Y,0
668.0,D N B ORTHO,5.0,,Y,0
669.0,ADVANCE DIPLOMA IN GERMAN,5.0,,Y,0
670.0,HIGH ENERGY MATERIALS COURSE ,5.0,,Y,0
671.0,ADVANCE CIVIL ENGINEERING IN STRUCTURAL ENGINEERING,5.0,,Y,0
672.0,FELLOW OF THE INSTITUTE OF ENGINEERS ,5.0,,Y,0
673.0,SENIOR CAMBRIDGE,5.0,,Y,0
674.0,NDA,5.0,,Y,0
675.0,MPED,5.0,,Y,0
676.0,M. PED,5.0,,Y,0
677.0,I PH.D,5.0,,Y,0
678.0,B. LIB. SC.,5.0,,Y,0
679.0,HONS. IN ENGLISH,5.0,,Y,0
680.0,JRF SRF,5.0,,Y,0
681.0,ADISC,5.0,,Y,0
682.0,DCATTP,5.0,,Y,0
683.0,NDC,5.0,,Y,0
684.0,POST DOCTORAL DIPLOMA,5.0,,Y,0
685.0,FELLOW IN HIV MEDICINE,5.0,,Y,0
686.0,DEGREE IN EXPERT IN EXPLORATION AND BENEFICATION OF MINERAL RESOURCES,5.0,,Y,0
687.0,A V S I SUGAR TECH,5.0,,Y,0
688.0,M C A,5.0,,Y,0
689.0,DIPLOMA IN FORESTRY,5.0,,Y,0
690.0,P.G. DIPLOMA IN ECOLOGY AND ENVIRONMENT,5.0,,Y,0
691.0,MASTER OF URBAN AND RURAL PLANNING,5.0,,Y,0
692.0,MOTOR TRANSPORT COURSE,5.0,,Y,0
693.0,MANAGEMENT COURSE,5.0,,Y,0
694.0,M.SC. AGROMET,5.0,,Y,0
695.0,DIPLOMA IN PUBLIC RELATIONS,5.0,,Y,0
696.0,MASTERS IN TOURISM MANAGEMENT,5.0,66.0,Y,0
697.0,DIPLOMA IN BASIC MEDICAL SCIENCE,5.0,,Y,0
698.0,DIPLOMA IN ORTHOPAEDICS,5.0,,Y,0
699.0,DIPLOMA IN NATIONAL BOARD,5.0,,Y,0
700.0,GRADUATE COURSE,5.0,,Y,0
701.0,GRADE IETE,5.0,,Y,0
702.0,POST GRADUATE DIPLOMA IN DISTANCE EDUCATION,5.0,,Y,0
703.0,DIPLOMA IN ENVIRONMENTAL AMANAGEMENT,5.0,66.0,N,0
704.0,DIPLOMA IN ENVIRONMENTAL MANAGEMENT,5.0,,Y,0
705.0,F D P M,5.0,,Y,0
706.0,A I C W A,5.0,,Y,0
707.0,MASTER OF DEFENCE STUDIES,5.0,,Y,0
708.0,DIPLOMA IN ANAESTHESIA,5.0,,Y,0
709.0,C I E D H U,5.0,,Y,0
710.0,D D V,5.0,,Y,0
711.0,MINE MANAGER CERTIFICATE OF COMPETENCY EXAMINATION,5.0,,Y,0
712.0,DIPLOMA IN MANAGEMENT,5.0,,Y,0
713.0,ADVANCED DIPLOMA,5.0,,Y,0
714.0,B G L,5.0,,Y,0
715.0,POST GRADUATE IN SUGAR TECHNOLOGY,5.0,,Y,0
716.0,MRCPATH,5.0,,Y,0
717.0,MAYO CLINIC VISITING CLINIC,5.0,,Y,0
718.0,ASSOCIATESHIP IN NATIONAL SUGAR INSTITUTE,5.0,,Y,0
719.0,DIPLOMA IN FRENCH LANGUAGE,5.0,,Y,0
720.0,F C G P,5.0,,Y,0
721.0,H F P,5.0,,Y,0
722.0,YICC,5.0,,Y,0
723.0,POST GRADUATE DIPLOMA IN ENGINEERING,5.0,,Y,0
724.0,POST DOCTORATE FELLOWSHIP,5.0,,Y,0
725.0,SEARCH AND RESCUE COURSE IN MARITIME SAFETY,5.0,,Y,0
726.0,JOINT CIVIL MILITARY TRAINING PROGRAMME,5.0,,Y,0
727.0,POST DOCTORATE,5.0,,Y,0
728.0,M P H M,5.0,,Y,0
729.0,ICWAI,5.0,,Y,0
730.0,ADVANCE DIPLOMA,5.0,,Y,0
731.0,RESEARCH FELLOW,5.0,,Y,0
732.0,B.A.M.M.S.,5.0,,Y,0
733.0,POST GRADUATE DIPLOMA IN BUSINESS MANAGEMENT,5.0,4.0,Y,0
734.0,HFA,25.0,4.0,Y,0
735.0,C C Y P,25.0,4.0,Y,0
736.0,S L E T,5.0,23.0,Y,0
737.0,F R C S,5.0,4.0,Y,0
738.0,PART I AND II,5.0,4.0,Y,0
739.0,ADVANCED WEAPON TECHNOLOGY COURSE,25.0,4.0,Y,0
740.0,MOTOR VEHICLE TECHNOLOGY COURSE,5.0,4.0,Y,0
741.0,F A I M E R,5.0,4.0,Y,0
742.0,B J M C,5.0,4.0,Y,0
743.0,D H R M,5.0,4.0,Y,0
744.0,D H E,5.0,4.0,Y,0
745.0,DIPLOMA IN NUTRITION AND HEALTH EDUCATION,5.0,4.0,Y,0
746.0,PROFICIENCY,5.0,4.0,Y,0
747.0,MASTER DIPLOMA,5.0,4.0,Y,0
748.0,B H SC,23.0,4.0,Y,0
749.0,M H SC,23.0,4.0,Y,0
750.0,COURSE IN ACUPUNCTURE,5.0,4.0,Y,0
751.0,COURSE IN ACUPUNCTURE AND LASER,5.0,4.0,Y,0
752.0,M.D (COMMUNITY HEALTH ADMINISTRATION,5.0,4.0,Y,0
753.0,B A M,5.0,4.0,Y,0
754.0,M.SC. AH. SC.,25.0,4.0,Y,0
755.0,MASTER IN PUBLIC ADMINISTRATION,5.0,4.0,Y,0
756.0,ENROLLED IN A DOCTORAL PROGRAM IN HEALTH ECONOMICS,5.0,4.0,Y,0
757.0,M D (AY),5.0,4.0,Y,0
758.0,H.P.A. ED (AY),5.0,4.0,Y,0
759.0,H.P.A. ED (AY),5.0,4.0,Y,0
760.0,PH D (AY),5.0,4.0,Y,0
761.0,D.E.M. (DIPLOMA),5.0,4.0,Y,0
762.0,M S (AY),5.0,4.0,Y,0
763.0,M S (AY),5.0,4.0,Y,0
764.0,DEVELOPMENT STUDIES,5.0,4.0,Y,0
765.0,P.G. DIPLOMA IN LINGUISTICS,5.0,4.0,Y,0
766.0,ADVANCE DIPLOMA IN APPLIED LINGUISTICS,5.0,4.0,Y,0
767.0,DIP. IN PERSONAL MANAGEMENT & LABOUR WELFARE,5.0,4.0,Y,0
768.0,CERTIFIED ASSOCIATE OF BANKER-PART-I,5.0,4.0,Y,0
769.0,PG DIPLOMA,5.0,4.0,Y,0
770.0,HONORARY DOCTORATE,5.0,4.0,Y,0
771.0,B.E. (HONS),5.0,4.0,Y,0
772.0,P G D I B S,5.0,4.0,Y,0
773.0,P G CERTIFICATE,5.0,4.0,Y,0
774.0,DIP IN INTERNATIONAL LAW,5.0,4.0,Y,0
775.0,DIP IN LAW OF INTERNATIONAL INSTITUTIONS,5.0,4.0,Y,0
776.0,DIP. IN DEVELOPMENT STUDIES,5.0,4.0,Y,0
777.0,N D A,5.0,4.0,Y,0
778.0,COST AND MANAGEMENT ACCOUNTANCY (FCWA),5.0,4.0,Y,0
779.0,A M,5.0,4.0,Y,0
780.0,DIPLOMA IN COMPUTER PROGRAMMING,5.0,4.0,Y,0
781.0,M R C S,46.0,4.0,Y,0
782.0,J A I I B,46.0,4.0,Y,0
783.0,F.L.C.S,46.0,4.0,Y,0
784.0,F.I.A.G.E.S,46.0,4.0,Y,0
785.0,M A (HONS),45.0,4.0,Y,0
786.0,PGD HHM,45.0,4.0,Y,0
787.0,PGDPA,45.0,4.0,Y,0
788.0,BBA,25.0,4.0,Y,0
789.0,B I M,40.0,4.0,Y,0
790.0,MRCP,25.0,4.0,Y,0
791.0,B.E.(MECH.),45.0,4.0,Y,0
792.0,LL.B,45.0,4.0,Y,0
793.0,BOILER PROFICIENCY,45.0,4.0,Y,0
794.0,"MDS UNIVESITY, AJMER",45.0,45.0,N,0
795.0,PRE-SEA NAUTICAL DEGREE,23.0,4.0,Y,0
796.0,MASTER OF SCIENCE,23.0,4.0,Y,0
797.0,M. PLANNING,45.0,4.0,Y,0
798.0,BHMCT,25.0,4.0,Y,0
799.0,ADMINISTRATIVE FOUNDATIONAL COURCE,45.0,4.0,Y,0
800.0,FLYING INSTRUCTOR (CAT A),45.0,4.0,Y,0
801.0,A C M A,23.0,25.0,Y,0
802.0,A C S,23.0,4.0,Y,0
803.0,B.LIT,45.0,4.0,Y,0
804.0,BUMS,45.0,4.0,Y,0
805.0,BACHELOR OF UNANI SYSEM OF MEDICINE,45.0,4.0,Y,0
806.0,M.S.(JARAHAT),45.0,4.0,Y,0
807.0,JARAHAT,45.0,4.0,Y,0
808.0,MBA HEALTH CARE SERVISES,45.0,4.0,Y,0
809.0,M.SC. IN CLINICAL RESEARCH AND REGULATORY AFFAIRES,45.0,45.0,N,0
810.0,P.G. DIPLOMA IN PREVENTIVE AND PROMOTIVE HEALTH CARE,45.0,45.0,N,0
811.0,P.G. DIPLOMA IN PREVENTIVE AND PROMOTIVE HEALTH CARE,45.0,45.0,N,0
812.0,M.SC. IN CLINICAL RESEARCH AND REGULATORY AFFAIRES,45.0,45.0,N,0
813.0,P.G. (DIPLOMA IN PREVENTIVE AND PROMOTIVE HEALTH CARE),45.0,4.0,Y,0
814.0,M.SC.( IN CLINICAL RESEARCH AND REGULATORY AFFAIRES),45.0,45.0,N,0
815.0,M.SC. IN CLINICAL RESEARCH AND REGULATORY AFFAIRES,45.0,4.0,Y,0
816.0,P.G. DIPLOMA IN PREVENTIVE AND PROMOTIVE HEALTH CARE,45.0,4.0,Y,0
817.0,B.U.M.S.,45.0,4.0,Y,0
818.0,DIPLOMA IN HEALTH AND HOSPITAL MANAGEMENT,45.0,4.0,Y,0
819.0,DIPLOMA IN VENREOLOGY AND LEPROLOGY,45.0,4.0,Y,0
820.0,PRABHAKAR,23.0,4.0,Y,0
821.0,POST GRADUATE CERTIFICATE IN GERMAN,45.0,4.0,Y,0
822.0,MRCS,25.0,4.0,Y,0
823.0,FACS,25.0,4.0,Y,0
824.0,CERTIFICATE COURSE / DIPLOMA,23.0,4.0,Y,0
825.0,"CHARTERED FINANCIAL ANALYST (CFA), INTER",23.0,4.0,Y,0
826.0,INTERPRETER DIPLOMA IN BURMESE,40.0,4.0,Y,0
827.0,DIPLOMA ENVIRONMENTAL PROTECTION LAWS,40.0,4.0,Y,0
828.0,ASSOCIATE OF INDIAN INSTITUTE OF BANKING,23.0,23.0,Y,0
829.0,M.D.M.,40.0,4.0,Y,0
830.0,DIPLOMA,40.0,4.0,Y,0
831.0,ALL USA CERTIFICATES,45.0,4.0,Y,0
832.0,CERTIFIED PUBLIC ACCOUNTANT (CPA),25.0,4.0,Y,0
833.0,POST GRADUATE DIPLOMA IN JOURNALISM AND MASS COMMUNICATION,25.0,4.0,Y,0
834.0,MASTER OF APPLIED POSITIVE PSYCHOLOGY,25.0,4.0,Y,0
835.0,Ph.D,25.0,4.0,Y,0
836.0,POST DOCTORAL,25.0,4.0,Y,0
837.0,CCST (EQ) FRCP LONDON,40.0,4.0,Y,0
838.0,FRACP,40.0,4.0,Y,0
839.0,WHO OVERSEAS,25.0,4.0,Y,0
840.0,KNOWLEDGE CO-CREATION PROGRAM (KCCP),25.0,4.0,Y,0
841.0,DIPLOMA IN INDUSTRIAL SAFETY (DISM),54.0,4.0,Y,0
842.0,ASSOCIATE MEMBER OF INSTITUTION OF FIRE ENGINEERS (INDIA),54.0,54.0,Y,0
843.0,MEMBER OF INSTITUTION OF FIRE ENGINEERS (INDIA),54.0,4.0,Y,0
844.0,"AIFE, UK",54.0,4.0,Y,0
845.0,BBA (BACHELOR OF BUSINESS ADMINISTRATION),54.0,4.0,Y,0
846.0,ADVANCED METEOROLOGY,61.0,4.0,Y,0
847.0,F.A.F.SC,61.0,4.0,Y,0
848.0,INSOLVENCY PROFESSIONAL,61.0,4.0,Y,0
849.0,DOCTOR OF MEDICINE,61.0,4.0,Y,0
850.0,NET,54.0,4.0,Y,0
851.0,M.ED,54.0,4.0,Y,0
852.0,SLET,59.0,4.0,Y,0
853.0,BACHELORE OF HOMOEOPTHY,59.0,4.0,Y,0
854.0,SPECIALISED COURSE IN PREDICTIVE HOMOEOPATHY,59.0,4.0,Y,0
855.0,ASSOCIATESHIP,61.0,4.0,Y,0
856.0,BACHELOR IN MENTAL RETARDATION (BMR),62.0,4.0,Y,0
857.0,MASTER HYPNOTIST,61.0,4.0,Y,0
858.0,B P T (BACHELOR OF PHYSIOTHERAPY),62.0,4.0,Y,0
859.0,M P T (MASTER OF PHYSIOTHERAPY),62.0,4.0,Y,0
860.0,B.P.E,59.0,4.0,Y,0
861.0,M.P.E,59.0,4.0,Y,0
862.0,M.PHIL,59.0,4.0,Y,0
863.0,PH.D,59.0,4.0,Y,0
864.0,PALLIATIVE CARE TRAINING,40.0,4.0,Y,0
865.0,MASTERS IN MARKETING MANAGEMENT,59.0,4.0,Y,0
866.0,PG DIPLOMA IN MULTIPLE TRANSPORT( CONTAINERISATION) & LOGISTICS MANAGEMENT,59.0,4.0,Y,0
867.0,PGDGM,66.0,4.0,Y,0
868.0,B.A(HONS),66.0,4.0,Y,0
869.0,DIPLOMA IN VACCINOLOGY,66.0,4.0,Y,0
870.0,FOUNDATION COURSE,61.0,4.0,Y,0
871.0,QUALITY AND RELIABILITY COURSE,61.0,4.0,Y,0
872.0,B.E. (ELECT.),65.0,4.0,Y,0
873.0,B.S.M.S,65.0,4.0,Y,0
874.0,P.G. DIPLOMA,65.0,4.0,Y,0
875.0,DMRD(DIPLOMA IN MEDICAL RADIO DIAGNOSIS),66.0,4.0,Y,0
876.0,DIPLOMA IN TRANSLATION,66.0,4.0,Y,0
877.0,DIPLOMA IN FOREIGN LANGUAGE,66.0,4.0,Y,0
878.0,UGC-NET,66.0,66.0,Y,0
879.0,CIG(CERTIFICATE IN GUIDANCE),66.0,4.0,Y,0
880.0,PGPD-HI(POST GRADUATE PROFESSIONAL DIPLOMA IN HEARING IMPAIRMENT),66.0,66.0,Y,0
881.0,B.ASC (BACHELOR DEGREE IN APPLIED SCIENCES),66.0,4.0,Y,0
882.0,PGDBA(POST GRADUATE DIPLOMA IN BUSINESS ADMINISTRATION) ,66.0,4.0,Y,0
883.0,DIPLOMATE OF NATIONAL BOARD,66.0,4.0,Y,0
884.0,BACHELOR OF COMPUTERS,66.0,4.0,Y,0
885.0,MASTER OF TECHNOLOGY,66.0,4.0,Y,0
886.0,POST GRADUATE DIPLOMA IN HIGHER EDUCATION (PGDHE),66.0,4.0,Y,0
887.0,M. TECH(CIVIL),66.0,4.0,Y,0
888.0,M. TECH(CIVIL),66.0,4.0,Y,0
889.0,POST GRADUATE DIPLOMA IN ENTREUPRENEURSHIP DEVELOPMENT(PGDED),66.0,4.0,Y,0
890.0,BAMS,59.0,4.0,Y,0
891.0,HDR(HABILITATION TO DIRECT RESEARCH),66.0,4.0,Y,0
892.0,M.D.(UNANI),66.0,4.0,Y,0
893.0,DIPLOMA IN SPORTS MEDICINE,59.0,4.0,Y,0
894.0,COMPANY SECRETARY,59.0,4.0,Y,0
895.0,FELLOW MEMBER OF THE INSTITUTE OF COST ACCOUNTANTS OF INDIA,59.0,4.0,Y,0
896.0,MBA,59.0,4.0,Y,0
897.0,B.TECH.,59.0,4.0,Y,0
898.0,PGDOM(POST GRADUATE DIPLOMA IN OPERATIONS MANAGEMENT),66.0,4.0,Y,0
899.0,UGC REFRESHER COURSE IN FINE ARTS,66.0,4.0,Y,0
900.0,UGC REFRESHER COURSE IN VISUAL ARTS,66.0,4.0,Y,0
901.0,NATIONAL DIPLOMA IN PAINTING ,66.0,4.0,Y,0
902.0,POST DIPLOMA IN GRAPHIC ART,66.0,4.0,Y,0
903.0,CHARTERED ACCOUNTANT,66.0,4.0,Y,0
904.0,DIPLOMA IN LABOUR LAW,66.0,4.0,Y,0
905.0,MC.H PLASTIC SURGERY,66.0,4.0,Y,0
906.0,RESEARCH ASSOCIATE,66.0,4.0,Y,0
907.0,BACHELOR OF STATISTICS,67.0,4.0,Y,0
908.0,MATER OF STATISTICS,67.0,4.0,Y,0
909.0,MASTER OF STATISTICS,67.0,4.0,Y,0
910.0,M.PHARM,66.0,4.0,Y,0
911.0,CMI-LEVEL 5-UK,66.0,4.0,Y,0
912.0,ORIENTATION COURSE FOR IIS GP A OFFICERS,59.0,4.0,Y,0
913.0,PGD COURSE IN DISASTER PREPAREDNESS AND REHABILITATION,66.0,4.0,Y,0
914.0,POST GRADUATE CERTIFICATE IN MANAGEMENT ,66.0,4.0,Y,0
915.0,POST GRADUATE CERTIFICATE,66.0,4.0,Y,0
916.0,TRAINED PSYCHOLOGIST,66.0,4.0,Y,0
917.0,TRAINED PSYCHOLOGIST FOR SERVICE SELECTION BOARDS,66.0,4.0,Y,0
918.0,D.M.,66.0,4.0,Y,0
919.0,B.SC ED(BACHELOR OF SCIENCE EDUCATION),66.0,4.0,Y,0
920.0,URBAN MANAGEMENT ,66.0,4.0,Y,0
921.0,MASTER IN PUBLIC ADMINISTRATION IN INTERNATIONAL DEVELOPMENT,66.0,4.0,Y,0
922.0,SOLICITOR,66.0,4.0,Y,0
923.0,ADVOCATE - ON - RECORD,66.0,4.0,Y,0
924.0,BACHELOR OF JOURNALISM,66.0,4.0,Y,0
925.0,DEPUTY SUPERINTENDING EPIGRAPHIST,66.0,4.0,Y,0
926.0,SUPERINTENDING EPIGRAPHIST ,66.0,4.0,Y,0
927.0,DIRECTOR(EPIGRAPHY),66.0,4.0,Y,0
928.0,M.SC IN PUBLIC HEALTH,66.0,4.0,Y,0
929.0,MASTER OF PUBLIC POLICY,66.0,4.0,Y,0
930.0,MASTERS CERTIFICATE,66.0,4.0,Y,0
931.0,MASTERS IN INTERNATIONAL AFFAIRS,66.0,4.0,Y,0
932.0,POST GRADUATE CERTIFICATE IN HEALTH MANAGEMENT ,66.0,4.0,Y,0
933.0,FELLOW OF INDIAN COLLEGE OF OBSTETRICIANS AND GYNAECOLOGISTS(FICOG),66.0,4.0,Y,0
934.0,PG DIPLOMA IN INDUSTRIAL RELATION,66.0,4.0,Y,0
935.0,D.N.B(DIPLOMATE NATIONAL BOARD),66.0,66.0,Y,0
936.0,BACHELOR OF FINE ARTS,66.0,4.0,Y,0
937.0,MASTER OF FINE ARTS,66.0,4.0,Y,0
938.0,AGRICULTURAL ECONOMICS,66.0,4.0,Y,0
939.0,INDEPENDENT DIRECTOR PROFICIENCY TEST,66.0,4.0,Y,0
940.0,DIPLOMA IN PUBLIC HEALTH,66.0,4.0,Y,0
941.0,DIPLOMA IN HOSPITAL ADMINISTRATION ,66.0,4.0,Y,0
942.0,PGDDE,59.0,4.0,Y,0
943.0,MS,59.0,4.0,Y,0
944.0,DIPLOMA IN NATUROPATHY,66.0,4.0,Y,0
945.0,NATIONAL ELIGIBILITY TEST,66.0,4.0,Y,0
946.0,POST GRADUATE DIPLOMA IN MEDICO LEGAL ETHICS,66.0,4.0,Y,0
947.0,KSET,59.0,4.0,Y,0
948.0,DIPLOMA IN INDUSTRIAL AND BUSINESS MANAGEMENT,59.0,4.0,Y,0
949.0,DMRE(DIPLOMA IN MEDICAL RADIOLOGY,66.0,4.0,Y,0
950.0,DMRE(DIPLOMA IN MEDICAL RADIOLOGY,66.0,4.0,N,0
951.0,DMRE(DIPLOMA IN MEDICAL RADIOLOGY AND ELECTROLOGY),66.0,4.0,Y,0
952.0,JUNIOR RESEARCH FELLOW(JRF),66.0,4.0,Y,0
953.0,M.T.B.L(MASTERS IN TAXATION AND BUSINESS LAW),66.0,4.0,Y,0
954.0,P.G,59.0,4.0,Y,0
955.0,PG,59.0,4.0,Y,0
956.0,UG,59.0,4.0,Y,0
957.0,ACMA(COST ACCOUNTANT),66.0,4.0,Y,0
958.0,BACHELOR IN MUSIC,59.0,4.0,Y,0
959.0,VISHARAD,59.0,4.0,Y,0
960.0,NIPUN,59.0,4.0,Y,0
961.0,MASTER IN MUSIC,59.0,4.0,Y,0
962.0,FELLOW OF ROYAL COLLEGE OF SUREONS(FRCS),66.0,4.0,Y,0
963.0,FRCS(FELLOW OF ROYAL COLLEGE OF SURGEONS),66.0,4.0,Y,0
964.0,DIPLOMA IN TOURISM,70.0,4.0,Y,0
965.0,INDEPENDANT DIRECTOR'S COURSE ,70.0,4.0,Y,0
966.0,UNITED NATIONS STAFF COURSE ,70.0,4.0,Y,0
967.0,MASTER OF HOTEL MANAGEMENT(MHM),66.0,4.0,Y,0
968.0,B.A.LL.B. (HONS),70.0,4.0,Y,0
969.0,BACHELOR OF ENGINEERING(CIVIL),71.0,71.0,Y,0
970.0,BACHELOR OF ENGINEERING,71.0,4.0,Y,0
971.0,POST GRADUATE DIPLOMA IN INTERNATIONAL TRADE,70.0,4.0,Y,0
972.0,CERTIFICATE IN DIPLOMATIC STUDIES,70.0,4.0,Y,0
973.0,ADVANCE CERTIFICATION IN DISTRIBUTION MANAGEMENT,71.0,4.0,Y,0
974.0,MMS,59.0,4.0,Y,0
975.0,MPHIL,59.0,4.0,Y,0
976.0,MD (HOMOEOPATHY),70.0,4.0,Y,0
977.0,BHMS,70.0,4.0,Y,0
978.0,DHMS,70.0,4.0,Y,0
979.0,MASTER IN PHYSIOTHERAPY (MPT),70.0,4.0,Y,0
980.0,MD (SPORTS MEDICINE),70.0,4.0,Y,0
981.0,DIPLOMA IN PHYSICAL MEDICINE AND REHABILITATION ,70.0,4.0,Y,0
982.0,MASTERS IN BUSINESS ECONOMICS(MBE),66.0,4.0,Y,0
983.0,CMA,66.0,4.0,Y,0
984.0,AMIE,59.0,4.0,Y,0
985.0,MIE,59.0,4.0,Y,0
986.0,BACHELOR OF FISHERIES SCIENCE(B.F.SC),66.0,4.0,Y,0
987.0,MASTER OF FISHERIES SCIENCE(M.F.SC),66.0,4.0,Y,0
988.0,M.R.C.G.P,66.0,4.0,Y,0
989.0,FCGP(FELLOW OF THE IMA COLLEGE OF GENERAL PRACTITIONERS),66.0,4.0,Y,0
990.0,MINING ENGINEERING,66.0,4.0,Y,0
991.0,MASTER OF INTERNATIONAL BUSINESS(MIB),66.0,4.0,Y,0
992.0,B.E.(MINING),66.0,4.0,Y,0
993.0,DIRECTOR OF MUSIC,66.0,4.0,Y,0
994.0,M.SC(APPLIED PSYCHOLOGY),66.0,4.0,Y,0
995.0,DIPLOMA IN RADIATION MEDICINE (DRM),70.0,4.0,Y,0
996.0,M.P.A,70.0,4.0,Y,0
997.0,B.SC(HONS) NURSING,66.0,4.0,Y,0
998.0,M.SC(NURSING),66.0,4.0,Y,0
999.0,MASTERS IN ARCHITECTURE,66.0,4.0,Y,0
1000.0,FINANCIAL ADVISER AND CHIEF ACCOUNTS OFFICER,66.0,4.0,Y,0
1001.0,FINANCIAL ADVISER AND CHIEF ACCOUNTS OFFICER,66.0,4.0,N,0
1002.0,B.SC(HOME SCIENCE),66.0,4.0,Y,0
1003.0,M.SC(FOODS AND NUTRITION),66.0,4.0,Y,0
1004.0,M.D. (HOMOEOPATHY),70.0,4.0,Y,0
1005.0,PD DIPLOMA IN MEDICO LEGAL STUDIES,70.0,4.0,Y,0
1006.0,PD DIPLOMA IN MEDICO LEGAL STUDIES,70.0,4.0,Y,0
1007.0,MSDS(MASTERS IN STRATEGIC AND DEVELOPMENT STUDIES),66.0,4.0,Y,0
1008.0,PGDCFT(POST GRADUATE DIPLOMA IN COUNSELLING AND FAMILY THERAPY),66.0,4.0,Y,0
1009.0,MBBS,73.0,4.0,Y,0
1010.0,NDDY(DIPLOMA IN NATUROPATH-DIPLOMA IN YOGA),66.0,4.0,Y,0
1011.0,FRCR(FELLOW OF THE ROYAL COLLEGE OF RADIOLOGISTS),66.0,4.0,Y,0
1012.0,MASTER OF PLANNING (HOUSING),77.0,4.0,Y,0
1013.0,AIIA,77.0,4.0,Y,0
1014.0,SCIENTIFIC AND TECHNICAL STAFF,77.0,4.0,Y,0
1015.0,ADMINISTRATIVE FINANCE AND ACCOUNTS STAFF,77.0,4.0,Y,0
1016.0,SCIENTISTS AND PROFESSORS OF ICAR/SAUS,77.0,4.0,Y,0
1017.0,MANAGEMENT DEVELOPMENT PROGRAMME(MDP),71.0,4.0,Y,0
1018.0,DIPLOMA IN BANKING,71.0,4.0,Y,0
1019.0,FELLOWSHIP,71.0,66.0,Y,0
1020.0,MARINE ENGINEERING,72.0,4.0,Y,0
1021.0,BACHELOR OF DENTAL SURGERY.,72.0,4.0,Y,0
1022.0,MASTER OF DENTAL SURGERY,72.0,4.0,Y,0
1023.0,INDIAN DIPLOMA IN REGIONAL ANAESTHESIA.,72.0,4.0,Y,0
1024.0,MASTER IN INTERNATIONAL DEVELOPMENT POLICY (M.I.D.P),72.0,4.0,Y,0
1025.0,"FELLOW OF THE NATIONAL ACADEMY OF SCIENCES, INDIA(F.N.A.SC)",66.0,4.0,Y,0
1026.0,MASTERS IN LANDSCAPE ARCHITECTURE,72.0,4.0,Y,0
1027.0,M.D.S.,77.0,4.0,Y,0
1028.0,BACHELOR OF LIBRARY SCIENCE,72.0,4.0,Y,0
1029.0,RURAL BOND,77.0,4.0,Y,0
1030.0,PERSONNEL STAFF,77.0,4.0,Y,0
1031.0,INDICAA GLOBAL LTD,77.0,4.0,Y,0
1032.0,INDONESIAN FOR INDEPENDENT USERS,77.0,4.0,Y,0
1033.0,M.D.(AYURVEDA),66.0,4.0,Y,0
1034.0,INTERPRETERSHIP COURSE,77.0,4.0,Y,0
1035.0,B.HMCT(BACHELOR OF HOTEL MANAGEMENT AND CATERING TECHNOLOGY.,66.0,4.0,Y,0
1036.0,AB INITIO COURSE FOR AIR TRAFFIC CONTROLLERS,66.0,4.0,Y,0
1037.0,RESIDENT DOCTOR,66.0,4.0,Y,0
1038.0,DIPLOMA OF PROFICIENCY,66.0,4.0,Y,0
1039.0,ADVANCED DIPLOMA OF PROFICIENCY ,66.0,4.0,Y,0
1040.0,BVSC&AH,73.0,4.0,Y,0
1041.0,BACHELOR OF VETERINARY SCIENCE AND ANIMAL HUSBANDRY,73.0,4.0,Y,0
1042.0,MVSC,73.0,4.0,Y,0
1043.0,FELASA C CERTIFICATE,73.0,4.0,Y,0
1044.0,FELLOW IAVP,73.0,4.0,Y,0
1045.0,DIPLOMATE ICLAM,73.0,4.0,Y,0
1046.0,FELLOW LASA,73.0,4.0,Y,0
1047.0,FELLOW NAVS,73.0,4.0,Y,0
1048.0,A.N.S.I(ASSOCIATESHIP OF NATIONAL SUGAR INSTITUTE),66.0,4.0,Y,0
1049.0,F.N.S.I(FELLOWSHIP OF NATIONAL SUGAR INSTITUTE),66.0,4.0,Y,0
1050.0,MASTER OF LAW,73.0,4.0,Y,0
1051.0,MD,73.0,4.0,Y,0
